MTOW,DOC,fuel_mass,total_mission_flight_time,mach,passenger_capacity,SAR,landing_field_length_computed,takeoff_field_length_computed,app_speed,status,design_status,distance,altitude,mass,time,sfc,thrust,mach,CL,CD,LoD,throttle,vcas
132175.79780870117,14165.85328947763,7798.758838545213,216.84915303574581,0.82,246.0,9.748448548181516,2224.514505458478,2281.2119518148393,77.90025994251809,0,0,"[0.00000000e+00 5.20444495e-10 1.04088899e-09 5.20548605e-06
 1.04099316e-05 1.56143776e-05 6.76588603e-05 1.19703384e-04
 1.71747950e-04 6.92195884e-04 1.21264796e-03 1.73310418e-03
 6.93789425e-03 1.21430986e-02 1.73487173e-02 2.25547502e-02
 7.46378645e-02 1.26762402e-01 1.78928358e-01 2.31135727e-01
 7.55485967e-01 1.28397163e+00 1.81658719e+00 2.35332688e+00
 2.89418472e+00 8.07593988e+00 1.36016471e+01 1.36016471e+01
 1.36446093e+01 1.36875901e+01 1.52417426e+01 1.68196070e+01
 1.84210077e+01 2.20173867e+01 2.24096060e+01 2.28030942e+01
 2.31978472e+01 2.39911282e+01 2.47894154e+01 2.55926717e+01
 2.88203748e+01 3.21226741e+01 3.54967505e+01 3.89396642e+01
 4.43788575e+01 4.99640849e+01 5.56852416e+01 6.15332776e+01
 6.83832878e+01 7.41580448e+01 6.01484241e+02 6.01484241e+02
 6.01484241e+02 6.01484247e+02 6.01484252e+02 6.01484257e+02
 6.01484309e+02 6.01484361e+02 6.01484413e+02 6.01484465e+02
 6.01484986e+02 6.01485506e+02 6.01486026e+02 6.01486547e+02
 6.01491751e+02 6.01496956e+02 6.01502160e+02 6.01507365e+02
 6.01559413e+02 6.01611464e+02 6.01663519e+02 6.01715578e+02
 6.02236362e+02 6.02757505e+02 6.03279010e+02 6.03800876e+02
 6.04323105e+02 6.07039942e+02 6.09766715e+02 6.12503579e+02
 6.15250709e+02 6.15250709e+02 6.15294196e+02 6.15337674e+02
 6.17499353e+02 6.19638318e+02 6.21755116e+02 6.25624232e+02
 6.26054292e+02 6.26483449e+02 6.26911707e+02 6.27765527e+02
 6.27935874e+02 6.28106093e+02 6.28276177e+02 6.28615939e+02
 6.28955160e+02 6.29293843e+02 6.31606124e+02 6.31955164e+02
 6.32303632e+02 6.32651531e+02 6.33345617e+02 6.33484161e+02
 6.33622613e+02 6.33760972e+02 6.33764544e+02 6.33768116e+02
 6.33771688e+02 6.33775260e+02 6.33782405e+02 6.33789549e+02
 6.33860969e+02 6.33932367e+02 6.34645212e+02 6.35355797e+02
 6.36064136e+02 6.36286718e+02 6.36509079e+02 6.36513524e+02
 6.36517968e+02 6.36522413e+02 6.36526858e+02 6.36531302e+02
 6.36540191e+02 6.36549078e+02 6.36557965e+02 6.36603857e+02
 6.36649739e+02 6.37108068e+02 6.37565418e+02 6.37567430e+02
 6.37569441e+02 6.37571453e+02 6.37573464e+02 6.37575475e+02
 6.37577487e+02 6.37579498e+02 6.37581509e+02 6.37583521e+02
 6.37585532e+02 6.37587543e+02 6.37589554e+02 6.37591566e+02
 6.37593577e+02 6.37595588e+02 6.37597599e+02 6.37599610e+02
 6.37601621e+02 6.37603632e+02 6.37605643e+02 6.37607655e+02
 6.37611677e+02 6.37615699e+02 6.37619720e+02 6.37659935e+02
 6.37700143e+02 6.37740342e+02 6.38141929e+02 6.38542770e+02
 6.38942869e+02 6.39147404e+02 6.39351747e+02 6.39555896e+02
 6.39865610e+02 6.40174884e+02 6.41592295e+02 6.43000641e+02
 6.44400102e+02 6.46508840e+02 6.48598077e+02 6.50668441e+02
 6.52256133e+02 6.54692107e+02 6.56539817e+02 6.58373016e+02
 6.60191960e+02 6.61996897e+02 6.65565727e+02 6.69081408e+02
 6.72545769e+02 6.75960576e+02 6.79327526e+02 6.81440646e+02
 6.82030486e+02 6.82618901e+02 6.82903123e+02 6.82953927e+02
 6.82958169e+02 6.82962412e+02 6.82970895e+02 6.82970895e+02
 6.83103679e+02 6.83236403e+02 6.87105693e+02 6.90924643e+02
 6.94695300e+02 7.04694321e+02 7.12016405e+02 7.19178796e+02
 7.26193762e+02]","[ 1500.          1500.00000053  1500.00000107  1500.00534445
  1500.01068783  1500.01603121  1500.06946497  1500.12289867
  1500.17633232  1500.71066593  1501.24499423  1501.77931721
  1507.12225491  1512.46466148  1517.80653697  1523.14788142
  1576.53212959  1629.86332673  1683.14152041  1736.36675819
  2265.71701401  2789.82388792  3308.73469308  3822.49658117
  4331.15652985  8790.53630509 12855.45838928 13685.39910028
 13713.67197745 13741.92528518 14743.27093529 15720.0075297
 16672.71027572 18681.90902048 18890.78056975 19098.18658155
 19304.10931847 19711.49485324 20112.9228292  20508.38241344
 22015.27355138 23429.72392714 24755.27954097 25996.50012044
 27756.62597091 29347.21256893 30790.66507353 32109.28493992
 33493.34311457 34551.66741356 34551.66741356 34551.6674134
 34551.66741325 34551.6658711  34551.66432895 34551.66278681
 34551.64736534 34551.63194387 34551.61652239 34551.60110091
 34551.44688581 34551.29267022 34551.13845415 34550.98423758
 34549.44204496 34547.89980331 34546.35751263 34544.8151729
 34529.38907574 34513.95806225 34498.5221218  34483.08124373
 34328.39854013 34173.21025694 34017.5055193  33861.27331391
 33704.50248226 32881.57945152 32042.1689015  31184.47570407
 30306.53136228 30306.53136228 30292.50159361 30278.47578619
 29582.14039507 28894.85530106 28215.85192723 26975.08432786
 26836.9192211  26698.89101417 26560.94490189 26284.90208189
 26230.90635088 26178.22264283 26125.58808609 26020.4632071
 25915.52599096 25810.76969673 25095.17680606 24986.96586981
 24878.81126079 24770.67183855 24554.15887915 24510.75694727
 24467.27873608 24423.66028983 24422.53114882 24421.40176264
 24420.27211382 24419.14219989 24417.02463679 24414.90715855
 24393.74082557 24372.58287876 24161.39798633 23950.96725566
 23741.20761994 23675.28874459 23609.42346975 23608.10671976
 23606.78998925 23605.47327817 23604.15658649 23602.83991417
 23600.11018619 23597.34852103 23594.57638849 23580.23806535
 23565.90688146 23422.94972111 23280.6989574  23280.07422778
 23279.44951173 23278.82480926 23278.20012037 23277.57544504
 23276.95078329 23276.32613511 23275.7015005  23275.07687946
 23274.45227199 23273.82767809 23273.20309776 23272.578531
 23271.9539778  23271.32943817 23270.70491211 23270.08039961
 23269.45590068 23268.83141531 23268.20694351 23267.58248526
 23266.33360947 23265.08478792 23263.83602061 23251.35132885
 23238.87205546 23226.39819595 23101.95544321 22978.04823343
 22854.67189579 22791.71671496 22728.89874324 22666.0082561
 22570.67190747 22475.64429447 22041.89186429 21614.36458181
 21192.81400713 20563.5267571  19946.52703696 19340.80035668
 18879.29742771 18173.15565511 17637.00090013 17105.06405546
 16577.30039919 16053.70050272 15018.95265558 14000.7387387
 12998.97235726 12013.56249362 11044.41281132 10437.63350661
 10268.48095121 10099.83856061 10018.4281342  10003.87686295
 10002.66186227 10001.4468882   9998.9500932   9998.9500932
  9967.81202124  9936.69918487  9034.40243959  8153.40865165
  7293.28918363  5062.12307615  3477.12315315  1969.21711101
   535.04053627]","[105680.06812188 105680.06812185 105680.06812183 105680.06787552
 105680.06762922 105680.06738291 105680.06491986 105680.06245681
 105680.05999376 105680.03536341 105680.01073331 105679.98610346
 105679.73981853 105679.4935583  105679.24732278 105679.00111196
 105676.54036129 105674.08207577 105671.62625102 105669.17288265
 105644.77334193 105620.61468097 105596.69265671 105573.003108
 105549.54195482 105343.23203749 105153.20884073 105153.20884073
 105151.87122012 105150.53434108 105103.0314938  105056.44484968
 105010.73743194 104913.34625896 104903.1289032  104892.95383806
 104882.8206152  104862.67768464 104842.69678719 104822.87442288
 104745.90087932 104671.15075366 104598.43573813 104527.58185424
 104421.57354287 104319.11046085 104219.76207556 104123.17184709
 104015.46458591 103928.59988079  98452.08211273  98452.08211273
  98452.08211273  98452.0821078   98452.08210288  98452.08209795
  98452.08204871  98452.08199947  98452.08195022  98452.08190098
  98452.08140853  98452.08091608  98452.08042364  98452.07993119
  98452.07500662  98452.07008192  98452.06515708  98452.06023212
  98452.01097516  98451.96170496  98451.9124215   98451.86312478
  98451.36942838  98450.87440527  98450.37805435  98449.88037451
  98449.38136465  98446.769511    98444.12163523  98441.43759633
  98438.71727099  98438.71727099  98438.67395837  98438.63063657
  98436.45388227  98434.25451552  98432.0328479   98427.85388757
  98427.37986178  98426.90490332  98426.42901351  98425.47444201
  98425.2727589   98425.06059624  98424.84826819  98424.42311664
  98423.99730548  98423.57083597  98420.62334304  98420.17294784
  98419.72184525  98419.27003572  98418.3642955   98418.18280789
  98418.00120681  98417.81949201  98417.81479752  98417.81010295
  98417.80540831  98417.80071359  98417.79036259  98417.78001125
  98417.67646497  98417.57288576  98416.53545098  98415.49473606
  98414.45075121  98414.12134009  98413.79160599  98413.78500794
  98413.77840977  98413.77181147  98413.76521305  98413.75861449
  98413.74623868  98413.73413623  98413.7221246   98413.66030489
  98413.59847264  98412.97952588  98412.35933356  98412.35660027
  98412.35386695  98412.35113361  98412.34840025  98412.34566686
  98412.34293345  98412.34020001  98412.33746655  98412.33473306
  98412.33199956  98412.32926602  98412.32653247  98412.32379889
  98412.32106528  98412.31833166  98412.315598    98412.31286433
  98412.31013063  98412.3073969   98412.30466315  98412.30192938
  98412.29646176  98412.29099405  98412.28552624  98412.23084287
  98412.1761499   98412.12144734  98411.57389597  98411.0253909
  98410.47593648  98410.19429015  98409.91239677  98409.64906408
  98409.26242908  98408.87531655  98407.09046155  98405.29573107
  98403.4913006   98400.73265328  98397.95262403  98395.15185839
  98392.97317075  98389.5781811   98386.96057158  98384.32704469
  98381.67790469  98379.01345817  98373.63989239  98368.2088811
  98362.72301693  98357.18494163  98351.5973409   98348.02621832
  98347.02051512  98346.01339703  98345.52510358  98345.43779287
  98345.43050238  98345.42321181  98345.40863053  98345.40863053
  98345.12203264  98344.83535465  98336.38896506  98327.87802488
  98319.30685886  98295.78430638  98277.86101281  98259.78331117
  98241.58224284]","[0.00000000e+00 1.10767758e-10 2.21535517e-10 1.10789912e-06
 2.21557670e-06 3.32325429e-06 1.44000301e-05 2.54768060e-05
 3.65535818e-05 1.47321340e-04 2.58089098e-04 3.68856857e-04
 1.47653444e-03 2.58421202e-03 3.69188961e-03 4.79956719e-03
 1.58763430e-02 2.69531189e-02 3.80298947e-02 4.91066705e-02
 1.59874429e-01 2.70642187e-01 3.81409946e-01 4.92177704e-01
 6.02945462e-01 1.62464258e+00 2.64633970e+00 2.64633970e+00
 2.65394646e+00 2.66155323e+00 2.93450207e+00 3.20745092e+00
 3.48039976e+00 4.07946148e+00 4.14369726e+00 4.20793304e+00
 4.27216882e+00 4.40064039e+00 4.52911195e+00 4.65758351e+00
 5.16613784e+00 5.67469216e+00 6.18324649e+00 6.69180081e+00
 7.47629885e+00 8.26079689e+00 9.04529493e+00 9.82979296e+00
 1.07291089e+01 1.14726851e+01 8.76707349e+01 8.76707349e+01
 8.76707349e+01 8.76707356e+01 8.76707363e+01 8.76707369e+01
 8.76707435e+01 8.76707501e+01 8.76707567e+01 8.76707633e+01
 8.76708293e+01 8.76708953e+01 8.76709613e+01 8.76710274e+01
 8.76716875e+01 8.76723475e+01 8.76730076e+01 8.76736677e+01
 8.76802687e+01 8.76868697e+01 8.76934706e+01 8.77000716e+01
 8.77660813e+01 8.78320910e+01 8.78981007e+01 8.79641103e+01
 8.80301200e+01 8.83727866e+01 8.87154532e+01 8.90581198e+01
 8.94007864e+01 8.94007864e+01 8.94062049e+01 8.94116234e+01
 8.96824578e+01 8.99532923e+01 9.02241267e+01 9.07264772e+01
 9.07829008e+01 9.08393245e+01 9.08957482e+01 9.10085955e+01
 9.10311649e+01 9.10537344e+01 9.10763039e+01 9.11214428e+01
 9.11665817e+01 9.12117206e+01 9.15218181e+01 9.15689198e+01
 9.16160216e+01 9.16631233e+01 9.17573267e+01 9.17761674e+01
 9.17950081e+01 9.18138488e+01 9.18143353e+01 9.18148219e+01
 9.18153085e+01 9.18157951e+01 9.18167682e+01 9.18177414e+01
 9.18274729e+01 9.18372045e+01 9.19345200e+01 9.20318355e+01
 9.21291510e+01 9.21597941e+01 9.21904373e+01 9.21910502e+01
 9.21916630e+01 9.21922759e+01 9.21928888e+01 9.21935016e+01
 9.21947274e+01 9.21959531e+01 9.21971788e+01 9.22035099e+01
 9.22098409e+01 9.22731513e+01 9.23364618e+01 9.23367405e+01
 9.23370192e+01 9.23372980e+01 9.23375767e+01 9.23378555e+01
 9.23381342e+01 9.23384129e+01 9.23386917e+01 9.23389704e+01
 9.23392492e+01 9.23395279e+01 9.23398066e+01 9.23400854e+01
 9.23403641e+01 9.23406428e+01 9.23409216e+01 9.23412003e+01
 9.23414791e+01 9.23417578e+01 9.23420365e+01 9.23423153e+01
 9.23428728e+01 9.23434302e+01 9.23439877e+01 9.23495625e+01
 9.23551373e+01 9.23607120e+01 9.24164597e+01 9.24722075e+01
 9.25279552e+01 9.25564939e+01 9.25850326e+01 9.26135713e+01
 9.26569497e+01 9.27003280e+01 9.28997742e+01 9.30992203e+01
 9.32986664e+01 9.36015699e+01 9.39044734e+01 9.42073768e+01
 9.44415051e+01 9.48038432e+01 9.50812163e+01 9.53585894e+01
 9.56359626e+01 9.59133357e+01 9.64680820e+01 9.70228282e+01
 9.75775745e+01 9.81323207e+01 9.86870670e+01 9.90391917e+01
 9.91380312e+01 9.92368707e+01 9.92847267e+01 9.92932827e+01
 9.92939971e+01 9.92947116e+01 9.92961404e+01 9.92961404e+01
 9.93237701e+01 9.93513998e+01 1.00162237e+02 1.00973075e+02
 1.01783912e+02 1.03983396e+02 1.05638648e+02 1.07293901e+02
 1.08949153e+02]","[ 0.54319994  0.54319994  0.54319994  0.54319995  0.54319996  0.54319998
  0.54320011  0.54320024  0.54320037  0.54320167  0.54320298  0.54320428
  0.54321731  0.54323035  0.54324338  0.54325641  0.54338673  0.54351701
  0.54364725  0.54377746  0.54507772  0.5463745   0.54766768  0.54895714
  0.55024277  0.5619012   0.57314531  0.57551432  0.57559546  0.57567658
  0.57857012  0.58142756  0.58424799  0.59030368  0.59094156  0.59157652
  0.59220846  0.59346313  0.59470525  0.59593453  0.6006695   0.60493045
  0.60853263  0.61194264  0.61683639  0.62131359  0.62541807  0.62919904
  0.63319678  0.63627165  1.03513538  1.03513538  1.03513538  1.03513547
  1.03513556  1.03513565  1.03513655  1.03513745  1.03513835  1.03513925
  1.03514825  1.03515724  1.03516624  1.03517523  1.03526521  1.03535521
  1.03544524  1.03553529  1.03643739  1.03734227  1.03824994  1.03916044
  1.04842317  1.05798313  1.06785577  1.07805766  1.08860655  1.14974066
  1.22426439  1.31743682  1.43774048  1.43750592  1.43958214  1.44167032
  1.56413424  1.73771096  2.00696274  3.47164583  3.94288408  4.65600553
  5.89076198 23.3588832   1.75525978  1.77683323  1.79941247  1.84791316
  1.90150887  1.96113941  2.69938267  2.92394145  3.22463962  3.65656276
  5.77194991  6.94966989  9.40872902 22.38669744 23.77999439 25.45136063
 27.50373283  1.51603855  1.5166399   1.51724224  1.52331918  1.52949742
  1.59756045  1.67982432  1.78212131  1.81989217  1.86101643  1.86187661
  1.86273835  1.86360166  1.86446653  1.86533297 29.86904401 29.73682806
 29.60527827 28.94295391 28.30980964 23.23452336 19.7116022  19.69847274
 19.68536094 19.67226676 19.65919016 19.64613111 19.63308957 19.62006552
 19.6070589  19.5940697  19.58109787 19.56814338 19.55520619 19.54228627
 19.52938358 19.5164981  19.50362978 19.49077859 19.4779445  19.46512748
 19.45232748 19.43954448 19.41402933 19.38858175 19.36320149 19.11304277
 18.86933014 18.63181758 16.55149628 14.89303774 13.53990586 12.93926676
 12.3903512  27.69878532 23.99887739 21.17536462 13.75698734 10.20789989
  8.12633645  6.21701659  5.04269076  4.24651228  3.78648617  3.24291067
  2.92064209  2.65592608  2.43456527  2.24668961  1.94492289  1.71309766
  1.52934362  1.38005327  1.25631625  1.18817899  1.1702938   1.15290964
  1.14467234  1.14321041  1.14308848  1.14296658  1.14271614  0.59500383
  0.59406022  0.59311946  0.56671622  0.54247063  0.52012829  0.46751104
  0.43414549  0.40501594  0.37937464]","[1.22782217e+05 1.22782217e+05 1.22782217e+05 1.22782201e+05
 1.22782186e+05 1.22782171e+05 1.22782018e+05 1.22781865e+05
 1.22781713e+05 1.22780186e+05 1.22778660e+05 1.22777133e+05
 1.22761869e+05 1.22746608e+05 1.22731350e+05 1.22716096e+05
 1.22563712e+05 1.22411628e+05 1.22259843e+05 1.22108356e+05
 1.20609753e+05 1.19140279e+05 1.17699313e+05 1.16286248e+05
 1.14900488e+05 1.03307678e+05 9.35853821e+04 9.16963944e+04
 9.16326077e+04 9.15689021e+04 8.93348561e+04 8.71999731e+04
 8.51592797e+04 8.09884555e+04 8.05650870e+04 8.01465757e+04
 7.97329128e+04 7.89199753e+04 7.81259525e+04 7.73505222e+04
 7.44569224e+04 7.18582060e+04 6.95473761e+04 6.74445902e+04
 6.45621032e+04 6.20555799e+04 5.98599994e+04 5.79187519e+04
 5.59460616e+04 5.44816511e+04 2.16165715e+03 2.16165715e+03
 2.16165715e+03 2.16165702e+03 2.16165689e+03 2.16165676e+03
 2.16165546e+03 2.16165416e+03 2.16165287e+03 2.16165157e+03
 2.16163860e+03 2.16162564e+03 2.16161267e+03 2.16159970e+03
 2.16147000e+03 2.16134026e+03 2.16121049e+03 2.16108069e+03
 2.15978071e+03 2.15847725e+03 2.15717030e+03 2.15585984e+03
 2.14256052e+03 2.12890066e+03 2.11487074e+03 2.10046085e+03
 2.08566071e+03 2.00212940e+03 1.90606224e+03 1.79533134e+03
 1.66723055e+03 1.66751041e+03 1.66545856e+03 1.66339870e+03
 1.54928621e+03 1.40884045e+03 1.23205402e+03 7.25123371e+02
 6.39717928e+02 5.42801686e+02 4.29865517e+02 1.08829094e+02
 1.60572563e+03 1.58746736e+03 1.56876855e+03 1.52996854e+03
 1.48914781e+03 1.44609719e+03 1.06166044e+03 9.81666105e+02
 8.91521936e+02 7.87443806e+02 5.00410538e+02 4.15868577e+02
 3.07369573e+02 1.29262938e+02 1.21691249e+02 1.13701747e+02
 1.05218849e+02 2.10431516e+03 2.10354778e+03 2.10277964e+03
 2.09505771e+03 2.08725863e+03 2.00467452e+03 1.91251208e+03
 1.80837689e+03 1.77258253e+03 1.73511012e+03 1.73434243e+03
 1.73357399e+03 1.73280481e+03 1.73203489e+03 1.73126422e+03
 9.80263113e+01 9.84660045e+01 9.89074140e+01 1.01191317e+02
 1.03475419e+02 1.26333149e+02 1.49210527e+02 1.49311292e+02
 1.49412057e+02 1.49512822e+02 1.49613587e+02 1.49714353e+02
 1.49815119e+02 1.49915886e+02 1.50016653e+02 1.50117420e+02
 1.50218188e+02 1.50318956e+02 1.50419724e+02 1.50520493e+02
 1.50621262e+02 1.50722032e+02 1.50822802e+02 1.50923572e+02
 1.51024343e+02 1.51125114e+02 1.51225885e+02 1.51326657e+02
 1.51528202e+02 1.51729748e+02 1.51931296e+02 1.53946856e+02
 1.55962565e+02 1.57978423e+02 1.78145317e+02 1.98327080e+02
 2.18523580e+02 2.28868285e+02 2.39216815e+02 9.63968136e+01
 1.11396488e+02 1.26405973e+02 1.95662020e+02 2.65133632e+02
 3.34826529e+02 4.41102598e+02 5.47954767e+02 6.55459610e+02
 7.39131135e+02 8.70164355e+02 9.72128031e+02 1.07543864e+03
 1.18008909e+03 1.28606483e+03 1.50193016e+03 1.72290348e+03
 1.94884257e+03 2.17959484e+03 2.41499820e+03 2.56675657e+03
 2.60967250e+03 2.65272610e+03 2.67360561e+03 2.67734419e+03
 2.67765644e+03 2.67796871e+03 2.67861045e+03 5.22745171e+03
 5.23722186e+03 5.24699458e+03 5.53500859e+03 5.82492522e+03
 6.11644462e+03 6.91290919e+03 7.51531342e+03 8.11779821e+03
 8.71831327e+03]","[0.43446873 0.43446873 0.43446873 0.43446878 0.43446882 0.43446886
 0.43446926 0.43446967 0.43447007 0.43447412 0.43447817 0.43448222
 0.43452271 0.4345632  0.4346037  0.43464419 0.43504919 0.43545429
 0.43585947 0.43626474 0.44032235 0.44438855 0.44846291 0.45254502
 0.45663448 0.49462816 0.532891   0.54116492 0.54144966 0.54173439
 0.5519502  0.56215215 0.57233459 0.59458426 0.59695933 0.59932953
 0.60169448 0.60640773 0.61109739 0.61576177 0.6339476  0.65162901
 0.66875582 0.68529763 0.70962191 0.73251105 0.75405797 0.77440849
 0.79647637 0.81385371 0.82       0.82       0.82       0.82
 0.82       0.82       0.82       0.82       0.82       0.82
 0.82       0.82       0.82       0.82       0.82       0.82
 0.82       0.82       0.82       0.82       0.82       0.82
 0.82       0.82       0.82       0.82       0.82       0.82
 0.82       0.82       0.82       0.81952556 0.81929975 0.81907407
 0.80796114 0.79716644 0.78666886 0.76790706 0.76585101 0.76380354
 0.76176383 0.75770169 0.75691015 0.75613879 0.75536909 0.75383461
 0.75230659 0.75078491 0.74048854 0.73894635 0.73740883 0.73587537
 0.73281668 0.73220538 0.73159363 0.73098052 0.73096466 0.73094879
 0.73093292 0.73091705 0.7308873  0.73085756 0.73056033 0.73026336
 0.72730717 0.72437591 0.72146821 0.72055735 0.71964863 0.71963048
 0.71961233 0.71959418 0.71957603 0.71955788 0.71952025 0.71948219
 0.71944398 0.71924641 0.71904901 0.71708343 0.71513402 0.71512548
 0.71511693 0.71510838 0.71509984 0.71509129 0.71508275 0.7150742
 0.71506566 0.71505711 0.71504857 0.71504002 0.71503148 0.71502294
 0.71501439 0.71500585 0.71499731 0.71498876 0.71498022 0.71497168
 0.71496314 0.7149546  0.71493752 0.71492044 0.71490336 0.71473264
 0.71456205 0.71439158 0.71269362 0.71100784 0.70933409 0.70848187
 0.70763274 0.70678388 0.70549944 0.70422198 0.69842667 0.69277133
 0.6872497  0.67910688 0.67123762 0.66362087 0.65788904 0.64923659
 0.64276087 0.63641503 0.63019568 0.62409995 0.61226816 0.60089799
 0.58996883 0.57946109 0.56935611 0.56314279 0.56142603 0.55972106
 0.55890035 0.55875382 0.55874158 0.55872935 0.55870421 0.45226635
 0.45200637 0.45174679 0.44430279 0.43718846 0.43038589 0.41337565
 0.40182574 0.39122961 0.38149176]","[0.57362951 0.57362951 0.57362951 0.57362951 0.57362952 0.57362952
 0.57362956 0.57362959 0.57362963 0.57363    0.57363036 0.57363073
 0.57363439 0.57363805 0.57364171 0.57364538 0.57368205 0.57371879
 0.57375561 0.57379249 0.57416534 0.57454539 0.57493259 0.57532692
 0.57572833 0.57975775 0.58435038 0.5856308  0.5856678  0.58570484
 0.5870526  0.58843547 0.58985235 0.59307531 0.59342957 0.59378501
 0.59414155 0.59485771 0.59557765 0.59630097 0.59918952 0.60210094
 0.60501655 0.60792068 0.61234598 0.61667619 0.62089851 0.62501689
 0.6296282  0.63336777 0.59103171 0.59103171 0.59103171 0.59103167
 0.59103163 0.59103158 0.59103115 0.59103072 0.59103029 0.59102985
 0.59102553 0.59102121 0.59101688 0.59101256 0.59096933 0.59092611
 0.59088289 0.59083967 0.59040759 0.58997576 0.58954416 0.5891128
 0.58481221 0.58053506 0.57628104 0.57204984 0.56784116 0.54634392
 0.52540633 0.50499158 0.48506497 0.48562676 0.48558321 0.48553969
 0.48341531 0.48138569 0.47944375 0.47605034 0.47568445 0.47532125
 0.4749606  0.47424579 0.47410696 0.47397177 0.47383704 0.47356891
 0.47330255 0.47303794 0.47126407 0.47100087 0.47073911 0.47047869
 0.46996115 0.46985802 0.46975492 0.4696517  0.46964903 0.46964636
 0.46964369 0.46964102 0.46963601 0.46963099 0.46958092 0.46953092
 0.46903448 0.46854453 0.46806079 0.46790972 0.46775923 0.46775622
 0.46775322 0.46775022 0.46774721 0.46774421 0.46773799 0.4677317
 0.46772539 0.46769276 0.46766016 0.46733618 0.46701587 0.46701447
 0.46701307 0.46701166 0.46701026 0.46700886 0.46700746 0.46700606
 0.46700466 0.46700325 0.46700185 0.46700045 0.46699905 0.46699765
 0.46699625 0.46699485 0.46699344 0.46699204 0.46699064 0.46698924
 0.46698784 0.46698644 0.46698364 0.46698084 0.46697804 0.46695004
 0.46692208 0.46689414 0.4666163  0.4663412  0.46606881 0.46593039
 0.46579267 0.46565528 0.46544781 0.46524189 0.46431314 0.46341528
 0.46254666 0.46128008 0.46007224 0.45891822 0.4580595  0.45677903
 0.45583309 0.45491636 0.45402768 0.453166   0.4515197  0.44996996
 0.4485099  0.44713321 0.44583407 0.44504723 0.44483142 0.44461777
 0.44451517 0.44449687 0.44449534 0.44449381 0.44449068 0.67832528
 0.67828385 0.67824251 0.67706584 0.67595714 0.67491124 0.67235485
 0.67066508 0.66914572 0.66777393]","[0.03065979 0.03065979 0.03065979 0.03065979 0.03065979 0.03065979
 0.03065979 0.03065979 0.03065979 0.03065981 0.03065982 0.03065983
 0.03065997 0.03066011 0.03066025 0.03066039 0.03066177 0.03066317
 0.03066456 0.03066596 0.03068016 0.03069474 0.03070971 0.03072507
 0.03074084 0.03090732 0.0311196  0.03118049 0.03118238 0.03118428
 0.03125483 0.03133055 0.03141189 0.03161202 0.03169941 0.03179903
 0.03190192 0.03211721 0.03234459 0.0325833  0.03362139 0.03476077
 0.035939   0.03710213 0.0387735  0.04021274 0.04136939 0.04223408
 0.04291542 0.04331457 0.04112916 0.04112916 0.04112916 0.04112915
 0.04112915 0.04112915 0.04112913 0.04112911 0.04112908 0.04112906
 0.04112884 0.04112861 0.04112839 0.04112817 0.04112593 0.04112369
 0.04112145 0.04111921 0.04109685 0.04107451 0.04105219 0.0410299
 0.04080839 0.04058936 0.04037276 0.04015856 0.0399467  0.03888327
 0.03787711 0.03692368 0.03601892 0.03602331 0.03601149 0.03599968
 0.03542461 0.03486951 0.03432249 0.0333061  0.03319107 0.0330758
 0.03296026 0.03272813 0.03268259 0.03263812 0.03259366 0.03250475
 0.0324159  0.0323271  0.03171956 0.0316278  0.03153619 0.03144472
 0.03126207 0.03122556 0.03118901 0.03115238 0.03115143 0.03115049
 0.03114954 0.03114859 0.03114681 0.03114504 0.03112728 0.03110953
 0.03093301 0.0307583  0.03058552 0.03053155 0.03047778 0.0304767
 0.03047563 0.03047456 0.03047348 0.03047241 0.03047019 0.03046794
 0.03046568 0.03045401 0.03044235 0.03032652 0.03021213 0.03021163
 0.03021113 0.03021063 0.03021013 0.03020963 0.03020913 0.03020863
 0.03020813 0.03020763 0.03020713 0.03020663 0.03020613 0.03020563
 0.03020513 0.03020463 0.03020413 0.03020363 0.03020313 0.03020263
 0.03020213 0.03020163 0.03020063 0.03019963 0.03019863 0.03018865
 0.03017867 0.03016871 0.03006973 0.02997195 0.0298754  0.02982645
 0.02977783 0.02972939 0.02965641 0.02958421 0.02926213 0.02895768
 0.02867138 0.0282719  0.02791494 0.02759954 0.0274304  0.02736753
 0.02732192 0.02727841 0.02723691 0.02719731 0.02712346 0.02705611
 0.02699458 0.02693824 0.02688656 0.02685594 0.02684763 0.02683944
 0.02683552 0.02683482 0.02683477 0.02683471 0.02817632 0.03642474
 0.0364228  0.03642086 0.03636607 0.03631505 0.03626737 0.0361524
 0.03607736 0.03601034 0.03595009]","[18.70950759 18.70950759 18.70950759 18.70950762 18.70950766 18.70950769
 18.70950804 18.70950839 18.70950874 18.70951223 18.70951572 18.70951921
 18.7095541  18.70958899 18.70962389 18.70965878 18.71000777 18.71035683
 18.71070594 18.71105511 18.71454851 18.7180409  18.72152617 18.72499791
 18.72844938 18.75794323 18.77756654 18.7819639  18.7820111  18.78205698
 18.78278104 18.78152134 18.77799907 18.76106866 18.7205231  18.67305432
 18.62400657 18.52146501 18.41351418 18.30081507 17.82167373 17.32127707
 16.8345381  16.38506107 15.79289767 15.33534539 15.00864667 14.79887685
 14.67137576 14.62250938 14.3701392  14.3701392  14.3701392  14.37013893
 14.37013866 14.37013839 14.3701357  14.37013301 14.37013033 14.37012764
 14.37010075 14.37007387 14.37004698 14.3700201  14.36975121 14.36948226
 14.36921324 14.36894417 14.36625017 14.36355018 14.36084421 14.35813226
 14.33068436 14.30264144 14.27400624 14.24478146 14.2149697  14.05087302
 13.87134009 13.67663193 13.46695018 13.48090201 13.48411908 13.48733399
 13.64631354 13.80534704 13.9687922  14.29318975 14.33169934 14.37066442
 14.41009732 14.49046222 14.50640518 14.5220296  14.53770731 14.56922047
 14.60093985 14.63286047 14.85720533 14.89198817 14.92694853 14.96208804
 15.032948   15.04722668 15.06155335 15.07594839 15.07632132 15.07669434
 15.07706747 15.07744069 15.07814014 15.07883962 15.08583427 15.09283102
 15.16291219 15.23311116 15.30334423 15.32545115 15.34755099 15.34799288
 15.34843478 15.34887667 15.34931855 15.34976044 15.3506766  15.3516035
 15.35253394 15.35734662 15.36215719 15.41015051 15.45789305 15.45810264
 15.45831222 15.4585218  15.45873137 15.45894093 15.4591505  15.45936005
 15.4595696  15.45977914 15.45998868 15.46019822 15.46040774 15.46061727
 15.46082678 15.46103629 15.4612458  15.4614553  15.46166479 15.46187428
 15.46208376 15.46229324 15.46271218 15.46313109 15.46354998 15.46773767
 15.47192309 15.47610622 15.51780671 15.55925305 15.60042267 15.62138406
 15.64226423 15.66313026 15.69468006 15.72601942 15.86737278 16.00318947
 16.13269424 16.31584826 16.48121958 16.62774733 16.69897281 16.69054389
 16.68378768 16.67679159 16.66957553 16.66216172 16.64683393 16.63099367
 16.61481528 16.59845369 16.58204165 16.57164925 16.56873997 16.56583503
 16.56443119 16.56418019 16.56415923 16.56413827 15.77532879 18.62265207
 18.62250788 18.62236351 18.61806201 18.61369393 18.60932418 18.59779146
 18.58963941 18.58204371 18.5750274 ]","[0.95 0.95 0.95 0.95 0.95 0.95 0.95 0.95 0.95 0.95 0.95 0.95 0.95 0.95
 0.95 0.95 0.95 0.95 0.95 0.95 0.95 0.95 0.95 0.95 0.95 0.95 0.95 0.95
 0.95 0.95 0.95 0.95 0.95 0.95 0.95 0.95 0.95 0.95 0.95 0.95 0.95 0.95
 0.95 0.95 0.95 0.95 0.95 0.95 0.95 0.95 0.4  0.4  0.4  0.4  0.4  0.4
 0.4  0.4  0.4  0.4  0.4  0.4  0.4  0.4  0.4  0.4  0.4  0.4  0.4  0.4
 0.4  0.4  0.4  0.4  0.4  0.4  0.4  0.4  0.4  0.4  0.4  0.4  0.4  0.4
 0.4  0.4  0.4  0.4  0.4  0.4  0.4  0.4  0.42 0.42 0.42 0.42 0.42 0.42
 0.42 0.42 0.42 0.42 0.42 0.42 0.42 0.42 0.42 0.42 0.42 0.43 0.43 0.43
 0.43 0.43 0.43 0.43 0.43 0.43 0.43 0.43 0.43 0.43 0.43 0.43 0.42 0.42
 0.42 0.42 0.42 0.42 0.42 0.42 0.42 0.42 0.42 0.42 0.42 0.42 0.42 0.42
 0.42 0.42 0.42 0.42 0.42 0.42 0.42 0.42 0.42 0.42 0.42 0.42 0.42 0.42
 0.42 0.42 0.42 0.42 0.42 0.42 0.42 0.42 0.42 0.4  0.4  0.4  0.4  0.4
 0.4  0.4  0.4  0.4  0.4  0.4  0.4  0.4  0.4  0.4  0.4  0.4  0.4  0.4
 0.4  0.4  0.4  0.4  0.4  0.4  0.4  0.4  0.4  0.4  0.4  0.4  0.4  0.4
 0.4  0.4  0.4  0.4  0.4 ]","[280.         280.         280.         280.         280.
 280.         280.         280.         280.         280.
 280.         280.         280.         280.         280.
 280.         280.         280.         280.         280.
 280.         280.         280.         280.         280.
 280.         280.         280.         280.         280.
 280.         280.         280.         280.         280.
 280.         280.         280.         280.         280.
 280.         280.         280.         280.         280.
 280.         280.         280.         280.         280.
 282.35103812 282.35103812 282.35103812 282.35104799 282.35105787
 282.35106774 282.35116647 282.35126521 282.35136394 282.35146268
 282.35245002 282.35343737 282.35442472 282.35541208 282.36528594
 282.37516029 282.38503513 282.39491047 282.49369092 282.59252072
 282.69139994 282.79032866 283.78235711 284.77942867 285.78162878
 286.78904431 287.80176354 293.14772121 298.65241052 304.33044349
 310.19804616 310.00023792 310.00023773 310.00023754 310.00022826
 310.00021935 310.00021078 310.00019571 310.00019408 310.00019246
 310.00019085 310.00018765 310.00018702 310.00018642 310.00018582
 310.00018461 310.00018342 310.00018223 310.00017425 310.00017306
 310.00017188 310.00017071 310.00016837 310.0001679  310.00016744
 310.00016697 310.00016696 310.00016694 310.00016693 310.00016692
 310.0001669  310.00016687 310.00016665 310.00016642 310.00016418
 310.00016196 310.00015976 310.00015908 310.00015839 310.00015838
 310.00015837 310.00015835 310.00015834 310.00015833 310.0001583
 310.00015827 310.00015824 310.00015809 310.00015794 310.00015647
 310.00015501 310.00015501 310.000155   310.00015499 310.00015499
 310.00015498 310.00015497 310.00015497 310.00015496 310.00015495
 310.00015495 310.00015494 310.00015494 310.00015493 310.00015492
 310.00015492 310.00015491 310.0001549  310.0001549  310.00015489
 310.00015488 310.00015488 310.00015486 310.00015485 310.00015484
 310.00015471 310.00015458 310.00015446 310.00015319 310.00015194
 310.00015069 310.00015006 310.00014943 310.0001488  310.00014786
 310.00014691 310.00014266 310.00013853 310.00013453 310.00012869
 310.0001231  310.00011775 310.00011376 310.00010779 310.00010337
 310.00009908 310.00009491 310.00009086 310.00008311 310.00007578
 310.00006886 310.00006231 310.00005612 310.00005236 310.00005133
 310.00005031 310.00004982 310.00004973 310.00004972 310.00004972
 310.0000497  250.00002749 250.00002739 250.00002728 250.00002432
 250.00002153 250.00001891 250.00001252 250.00000832 250.00000457
 250.00000121]"
